participant,Welcome_Screen,participant_code,feedback,age,gender,handedness,education,income,computer_hours,wcst_task,n_back_task,corsi_block_span_task,fitts_law,navon_task,INFOSCREEN,TIME_start,TIME_end,TIME_total
s.6463d918-7e29-49b0-942d-f1a9faab6ad6.txt,"","",8719,3556,2023,3627,2604,6457,11528,"","","","","",0,2021-05-25-16-01,2021-05-25-16-23,22
s.fa171c49-91e1-44b0-b9e3-9937dca02dca.txt,"","",6663,14735,1917,1946,3588,49250,8375,"","","","","",0,2021-05-25-16-10,2021-05-25-16-34,24
s.b36334f4-c3dd-4d1b-b2e4-f0bee8be7d31.txt,"","",17878,3448,1691,3190,2366,8341,21202,"","","","","",0,2021-05-25-16-39,"",""
s.35c74094-fc8a-4fc8-8ac2-3b4522be09ff.txt,"","",11907,36996,2425,6966,5373,4701,4018,"","","","","",0,2021-05-25-15-54,"",""
s.727f9e4c-2eab-4d01-8176-cd62d77d550a.txt,"","",17782,3288,1905,1816,3031,14055,4410,"","","","","",0,2021-05-25-16-00,2021-05-25-16-21,21
s.a96ff720-ce4d-436d-ba17-68cf2e1c0b08.txt,"","",7134,9485,3443,2424,3027,4751,2991,"","","","","",0,2021-05-25-16-10,2021-05-25-16-29,19
s.6879f011-dbd0-4950-a4d9-fd584a69571d.txt,"","",10436,2849,1464,1752,2581,4577,5055,"","","","","",0,2021-05-29-23-24,2021-05-29-23-43,19
s.80030803-5a07-4092-bc96-77675a1d5a18.txt,"","",5355,8020,1741,2603,2329,3448,5052,"","","","","",0,2021-05-25-18-00,2021-05-25-18-25,25
s.326d9a59-5bee-47d1-a029-8ebe06338d76.txt,"","",13251,4231,2820,3304,4726,12022,14568,"","","","","",0,2021-05-29-22-12,2021-05-29-22-35,23
s.4348af28-1424-41b8-82cd-2447904f94c1.txt,"","",1432,4750,2441,2353,4879,3323,3728,"","","","","",0,2021-05-25-16-33,"",""
s.da3184d8-1ba0-4690-bf0e-50f289ad1cb3.txt,"","",15457,2572,1541,1928,2172,7145,11819,"","","","","",0,2021-05-25-15-54,2021-05-25-16-15,21
s.75535c43-c491-41ce-b05a-9e5bf9d3b82a.txt,"","",8002,3318,2479,2521,4059,6170,12257,"","","","","",0,2021-05-25-15-56,2021-05-25-16-17,21
s.6df92442-1829-466e-bfc1-b3660e31aee7.txt,"","",77611,3662,2556,2540,2599,11735,7992,"","","","","",0,2021-05-25-16-52,"",""
s.6a454982-cc18-4d84-8b7a-7c512e0aaa41.txt,"","","","","","","","","","","","","","",0,2021-05-25-16-15,"",""
s.5e4538a1-97cf-47f3-98bb-477bc6242e68.txt,"","","","","","","","","","","","","","",0,2021-05-19-14-58,"",""
s.e27beece-b868-4249-9bd0-e954eaf6ab3a.txt,"","",2061,"","","","","","","","","","","",0,2021-05-25-16-29,"",""
s.81659ee3-ad54-4bca-884f-b08b53d147cf.txt,"","",22787,4318,2773,9030,10483,18547,18757,"","","","","",0,2021-05-29-22-50,"",""
s.58385e09-a6ac-4173-9dcf-ee2f4067d48f.txt,"","",42833,24430,9843,7654,15911,11214,7869,"","","","","",0,2021-05-29-22-02,"",""
s.5f549354-af60-4c11-b271-7396e5216de8.txt,"","",66038,6262,2814,11057,6215,16183,18652,"","","","","",0,2021-05-25-16-42,2021-05-25-17-07,25
s.2650a9d5-2e50-4afe-b09f-9b8441833d55.txt,"","",8829,8226,2326,6325,6469,6403,4524,"","","","","",0,2021-05-25-17-16,"",""
s.99733842-19da-47ed-ac72-140199576b58.txt,"","","","","","","","","","","","","","",0,2021-05-29-19-58,"",""
s.bbbcdd77-0c68-4d04-b14f-124b7328d21f.txt,"","",8497,4050,1393,2207,23543,28120,20019,"","","","","",0,2021-05-25-17-16,2021-05-25-17-40,24
s.099cae2a-bb3c-4c04-9438-d6babdacbd9c.txt,"","",14162,4504,2458,2865,4107,10466,4197,"","","","","",0,2021-05-29-21-29,2021-05-29-21-51,22
s.31f64a0f-43b2-46c1-a8cf-e340d9cabedf.txt,"","",12231,3199,1362,1673,2103,2873,2521,"","","","","",0,2021-05-25-16-05,"",""
s.33073333-d51b-433f-8114-5e352c1427b2.txt,"","",41385,4094,2243,9181,6495,8055,5314,"","","","","",0,2021-05-25-15-55,2021-05-25-16-19,24
s.adb16edb-24dd-4209-a65f-aa15a8b54dda.txt,"","",17351,4583,3163,2516,2569,6128,21889,"","","","","",0,2021-05-25-15-55,2021-05-25-16-15,20
s.81a7e3fa-f815-4371-b329-98b602bfc5a2.txt,"","",23384,3484,2156,3105,3368,8940,11434,"","","","","",0,2021-05-25-16-42,2021-05-25-17-06,24
s.a43402a1-c2b9-4354-b18d-2e678178428a.txt,"","",20876,13179,2061,1772,3895,2153,3024,"","","","","",0,2021-05-25-16-24,2021-05-25-16-48,24
s.356c747c-255f-4e15-87be-a7f1c26f215b.txt,"","",9836,4986,2197,2656,4379,6778,4968,"","","","","",0,2021-05-25-16-16,2021-05-25-16-35,19
s.7a1496fe-2eb2-4b0e-9447-b16d86511d6b.txt,"","",19278,4982,1859,3483,8992,12473,4504,"","","","","",0,2021-05-25-16-44,"",""
s.287bf05b-db6c-44f0-99d0-747ddef10c48.txt,"","",4808,18041,1142,928,1320,1873,3304,"","","","","",0,2021-05-25-15-54,2021-05-25-16-15,21
s.1aa7c87d-8645-40de-93fd-45ec81450396.txt,"","","","","","","","","","","","","","",0,2021-05-29-22-48,"",""
s.f09dedf1-32d4-463e-a464-682f58fb4be4.txt,"","",34186,5291,2509,2917,2829,10917,10585,"","","","","",0,2021-05-25-15-55,2021-05-25-16-20,25
s.a46a2fab-e8ab-4f07-9599-2f75b3fbb399.txt,"","",33757,4621,2513,3771,7351,8472,7148,"","","","","",0,2021-05-25-15-58,2021-05-25-16-21,23
s.aecc4e34-b8dd-4b0d-a184-7746afce8f7c.txt,"","",20411,6336,2639,2834,3830,7169,5185,"","","","","",0,2021-05-25-16-14,2021-05-25-16-37,23
s.6f432367-3ad5-4d67-b59f-6a7346abe8d2.txt,"","",5489,3914,1946,2503,2607,4171,6034,"","","","","",0,2021-05-25-16-02,2021-05-25-16-24,22
s.8fbd68c6-af22-4022-9f56-4968abcdc119.txt,"","",17013,5112,2275,1943,26883,17395,14601,"","","","","",0,2021-05-25-15-56,2021-05-25-16-29,33
s.531514c9-e34d-455e-b5cf-3a3eaab93296.txt,"","",31449,8232,2756,3782,5388,18841,12139,"","","","","",0,2021-05-25-15-56,2021-05-25-16-21,25
s.24540579-c765-4b00-868f-e172050faa5b.txt,"","",20991,3184,1681,2229,5727,8787,9699,"","","","","",0,2021-05-25-15-57,2021-05-25-16-19,22
s.99ea9504-2716-4ae3-9d5c-d2b95c65e1fe.txt,"","",6724,2072,1486,1938,2044,6128,7899,"","","","","",0,2021-05-25-15-56,2021-05-25-16-19,23
s.f08c5757-ac07-4a3b-bd2b-ace2ff9f7410.txt,"","",13777,2644,1660,2183,2492,7684,11000,"","","","","",0,2021-05-25-16-31,2021-05-25-16-51,20
s.fa4db0c5-9f83-4b95-99fe-c1deac6c8f51.txt,"","",30218,4709,2085,3330,2994,9576,6061,"","","","","",0,2021-05-25-16-05,2021-05-25-16-30,25
s.544fb5c3-9667-4698-b7e8-bafc11fa03ee.txt,"","",21594,10601,4560,1954,13361,2810,2178,"","","","","",0,2021-05-29-21-32,2021-05-29-22-08,36
s.171d936d-df47-4661-b42c-85d2387903a0.txt,"","",17645,3664,1811,14031,2073,35269,24715,"","","","","",0,2021-05-25-16-27,"",""
s.f9c32717-e30e-4a7f-b77b-4d275b24e1bd.txt,"","",9268,7130,5687,2488,8767,16709,10846,"","","","","",0,2021-05-25-15-56,2021-05-25-16-21,25
s.79163f00-c0ec-495e-a51b-db262c7098f0.txt,"","",11127,3086,1334,1474,1905,6662,9781,"","","","","",0,2021-05-25-17-29,2021-05-25-17-47,18
s.41022fb6-3b55-4809-931a-b09aad4e4429.txt,"","",10163,3563,1783,1834,4785,3503,5888,"","","","","",0,2021-05-25-16-45,"",""
s.238e5966-9491-49e8-b2c6-b13f1adc16c2.txt,"","","","","","","","","","","","","","",0,2021-05-25-16-43,"",""
s.c8e51874-6af8-46d5-a498-8f77329d83df.txt,"","",2035,"","","","","","","","","","","",0,2021-05-25-16-03,"",""
s.de2b4783-be8f-4c6e-a0a9-9dd4438b396c.txt,"","",23673,3137,1953,2551,2279,14646,2954,"","","","","",0,2021-05-25-15-55,2021-05-25-16-23,28
s.8acbe160-4998-45e2-a799-9463abffd5fd.txt,"","",5549,6963,2613,2303,2499,2850,1964,"","","","","",0,2021-05-25-17-19,2021-05-25-17-43,24
s.4bc0d789-d431-414a-89da-8ce7a93f67d6.txt,"","",11582,5643,2336,2839,3514,5269,6841,"","","","","",0,2021-05-29-21-31,2021-05-29-23-07,96
s.ebcdbf8e-6b16-40a4-a15c-940eaf081cfc.txt,"","",19030,7502,2980,2838,4273,4270,2856,"","","","","",0,2021-05-25-15-55,2021-05-25-16-20,25
s.1d3e44f1-fc9d-45e9-a6ed-281a185de9f4.txt,"","",7068,3415,1327,8311,2512,3352,8561,"","","","","",0,2021-05-25-15-54,2021-05-25-16-14,20
s.00587bda-4421-4c71-911a-5fcff4b6c877.txt,"","","","","","","","","","","","","","",0,2021-05-25-17-41,"",""
s.aecf84e7-9838-49dd-84a0-2d3aa3e0636a.txt,"","",4833,5572,1811,2862,1664,7023,4789,"","","","","",0,2021-05-25-16-24,2021-05-25-16-43,19
s.5e0d8e67-13be-40f8-bd63-7ef6b68d1eda.txt,"","",7408,3250,1621,1460,2808,4420,7632,"","","","","",0,2021-05-25-15-58,2021-05-25-16-17,19
s.771c0d38-7a8a-47b0-87cc-f68d5e450f06.txt,"","",2450,4059,2087,4659,2961,2553,3624,"","","","","",0,2021-05-25-16-50,"",""
s.9c6c1670-6d9b-4610-83dd-6858a7f4ecba.txt,"","",205000,3100,2100,3100,5200,4500,2000,"","","","","",0,2021-05-25-15-56,"",""
s.1613436a-1cc4-49ba-b481-c4e857460d0f.txt,"","",58107,4178,2409,2310,2339,3011,3854,"","","","","",0,2021-05-25-16-16,2021-05-25-16-36,20
s.6c2ad464-4b00-49f8-8691-9eae775e6136.txt,"","","","","","","","","","","","","","",0,2021-05-25-16-11,"",""
s.c9c9517d-55a5-4844-b790-e5c71ae242ff.txt,"","",11014,4075,2160,2607,3655,9196,5962,"","","","","",0,2021-05-29-23-30,2021-05-29-23-52,22
s.91f4b78c-033a-49e4-871a-499b04df67c8.txt,"","",24628,15535,2106,6942,6146,16606,24812,"","","","","",0,2021-05-29-21-44,2021-05-29-22-14,30
s.4dd1072d-0971-466e-a47c-2e69181033d9.txt,"","","",13857,3988,2482,2388,4729,11957,"","","","","",0,2021-05-20-22-11,"",""
s.b070a122-7b17-418b-abc6-4018a490fbb4.txt,"","","","","","","","","","","","","","",0,2021-05-25-16-41,"",""
s.b989a1b5-1697-4daa-9d5a-d1c5a397a146.txt,"","",10350,10505,1852,3608,4219,10424,6764,"","","","","",0,2021-05-25-15-56,2021-05-25-16-16,20
s.02ed373d-a90d-4d7a-b514-e1ea7058050f.txt,"","",40593,4102,2599,2437,3635,9843,8918,"","","","","",0,2021-05-25-15-59,2021-05-25-16-25,26
s.dd019e68-a28e-494e-9efb-3d3949e09236.txt,"","",15480,4132,3305,3529,3261,6295,11342,"","","","","",0,2021-05-25-15-58,"",""
s.2b64a41a-109d-4c8b-abd9-fbf726c1fbd9.txt,"","",4140,6058,1391,2579,1773,2564,3754,"","","","","",0,2021-05-29-22-18,2021-05-29-22-41,23
s.f1b83e4a-f968-4fad-8acf-82e140c2e6c9.txt,"","",4985,3561,1728,1973,2789,2153,2014,"","","","","",0,2021-05-25-16-04,2021-05-25-16-28,24
s.ad017f6b-ae8d-40e1-a172-b54b630b1b74.txt,"","",91084,27141,19128,13968,12660,14776,11783,"","","","","",0,2021-05-25-16-05,"",""
s.521062c9-0f17-4a10-802b-486ae991a8b7.txt,"","",9950,3722,1481,2617,3531,8719,11953,"","","","","",0,2021-05-25-16-36,2021-05-25-16-54,18
s.00c169ee-c641-4c19-94aa-9aa33c15ccb4.txt,"","",17547,8430,2784,6737,50860,5467,2731,"","","","","",0,2021-05-29-21-21,"",""
s.89e1318a-63a5-43d3-9fdb-6c5c744bde1d.txt,"","",5381,"","","","","","","","","","","",0,2021-05-25-15-56,"",""
s.d143ebfb-6b83-47b3-abd8-9d75b735b739.txt,"","",9931,3498,2012,1863,3266,4482,6673,"","","","","",0,2021-05-25-16-00,2021-05-25-16-20,20
s.56ec8cad-eca4-4c6a-8a9a-d1ffbe893d46.txt,"","","",12724,"","","","","","","","","","",0,2021-05-20-16-37,"",""
s.d4fe8d15-023c-4000-9f69-8817ea91a80d.txt,"","",28236,6354,4124,13669,16495,21621,6551,"","","","","",0,2021-05-25-15-55,"",""
s.b81020bd-9e9d-4340-ac48-ba6d6e872ef9.txt,"","",13305,4786,2083,3416,2150,9739,7683,"","","","","",0,2021-05-25-16-36,2021-05-25-16-58,22
s.ec17de4c-dba8-43cb-a976-65d60ecaed34.txt,"","",23651,3972,2658,19330,4007,3870,7505,"","","","","",0,2021-05-25-15-58,2021-05-25-16-26,28
s.d2435957-99c6-4fee-8bd4-0a1770f0c375.txt,"","",21733,3738,1736,6937,1833,7742,6093,"","","","","",0,2021-05-25-16-11,"",""
s.44e20df3-3e0e-4cd1-8660-b58dc401f52c.txt,"","",15482,6852,1917,2536,2408,6506,14326,"","","","","",0,2021-05-25-17-26,2021-05-25-17-51,25
s.64a354f1-200a-4618-9796-222bcfaf4697.txt,"","",27556,11969,2490,4689,6653,19116,10913,"","","","","",0,2021-05-25-16-17,2021-05-25-18-40,143
s.8ac3673d-7432-4022-a35e-86fd8db1a89c.txt,"","",16610,5765,2239,5030,3294,3220,2840,"","","","","",0,2021-05-25-15-58,2021-05-25-16-41,43
s.284659ff-5f61-4905-87b2-7263746fb6b1.txt,"","",22800,14009,2452,2768,12910,17415,5474,"","","","","",0,2021-05-29-23-13,2021-05-29-23-35,22
s.5a8cc82c-4a2d-4ab7-aaf4-fb6071179a1d.txt,"","",3872,4285,2575,1993,16367,5779,3481,"","","","","",0,2021-05-25-16-17,"",""
s.6ebb6a0a-220d-4c6c-9a8e-068832a1aa16.txt,"","",9789,3894,1911,2452,2533,9864,5995,"","","","","",0,2021-05-25-15-54,2021-05-25-16-16,22
s.1ce5a89d-8061-4c46-9dc0-539810e7a2ad.txt,"","",10513,2910,1889,1655,1698,6808,7127,"","","","","",0,2021-05-29-22-32,2021-05-29-22-51,19
s.658bcd1c-441b-4b13-a67e-9edd7d22ade0.txt,"","",17669,5283,2934,3540,3183,6404,5468,"","","","","",0,2021-05-25-16-39,2021-05-25-17-00,21
s.e27adc67-3263-41ff-b291-23479c133dc0.txt,"","","","","","","","","","","","","","",0,2021-05-18-15-50,"",""
s.8c08721f-1fb0-449b-8645-eb372fffa34c.txt,"","",8779,2866,1729,12774,1942,11738,9170,"","","","","",0,2021-05-25-15-59,2021-05-25-16-18,19
s.877c2fff-9cf8-4428-987a-2a524950afab.txt,"","",16102,12869,2371,2152,4705,9520,3538,"","","","","",0,2021-05-25-15-55,2021-05-25-16-20,25
s.9f1a733a-4169-4d8c-b4ff-0af8e485eaf1.txt,"","","","","","","","","","","","","","",0,2021-05-29-22-41,"",""
s.b6d65901-7ea5-4a4e-967a-17ae24582b63.txt,"","",10509,2999,1614,3077,1554,2315,1654,"","","","","",0,2021-05-25-16-04,2021-05-25-16-24,20
s.a145bb3a-a4ef-4b23-b1eb-c4ffe81c0996.txt,"","",11280,3139,1776,2502,2262,4501,10075,"","","","","",0,2021-05-25-17-30,2021-05-25-17-50,20
s.f896aa92-f575-4525-9f44-5325a273d915.txt,"","",13925,5330,1820,1681,1966,5316,11025,"","","","","",0,2021-05-29-21-22,2021-05-29-21-47,25
s.bcd5045f-78bd-4caf-bb8a-c144d334e4bd.txt,"","",9396,2914,1501,1318,1760,7466,1367,"","","","","",0,2021-05-25-16-43,2021-05-25-17-05,22
s.c87b942a-4eb7-4558-8f3a-8e72db4eee42.txt,"","",18365,11368,3693,3296,5641,8145,6415,"","","","","",0,2021-05-25-16-40,2021-05-25-17-02,22
s.2a064c8e-d5af-4b8f-b7af-110d0cdf3cea.txt,"","",22174,3582,2027,3064,2588,29766,2443,"","","","","",0,2021-05-25-15-55,2021-05-25-16-25,30
s.48d6935c-62eb-4fd6-83bd-75e2f997b2cc.txt,"","",3419,5519,2713,3214,4384,2887,2928,"","","","","",0,2021-05-25-16-00,2021-05-25-16-22,22
s.05911d39-1c92-4209-8dcd-9a2478531a92.txt,"","",24668,5604,4104,3675,2708,8549,9381,"","","","","",0,2021-05-25-16-06,2021-05-25-16-25,19
s.7d1721ff-7535-4673-9864-c9548c05fcaf.txt,"","",25480,2211,1412,2713,1507,3062,2936,"","","","","",0,2021-05-25-16-14,2021-05-25-16-36,22
s.edc060ed-3cfa-4223-bf09-e90642c37ca4.txt,"","",13172,6888,1736,1912,2163,7372,8531,"","","","","",0,2021-05-25-15-59,2021-05-25-16-21,22
s.da934817-582d-43d7-81f6-6f389db7c3ff.txt,"","",12131,3769,1683,2076,2249,6717,6019,"","","","","",0,2021-05-25-15-56,2021-05-25-16-17,21
s.b26c2444-14f1-471e-bc30-ea76c470ea59.txt,"","",37001,6528,2677,2611,2815,6145,3709,"","","","","",0,2021-05-29-21-19,2021-05-29-21-43,24
s.af8c6b50-fc24-43d5-88f5-0aadac78f520.txt,"","",5948,3248,1909,2925,3195,4517,4777,"","","","","",0,2021-05-25-16-30,"",""
s.45172967-8506-4ae0-90b1-140d6b411833.txt,"","",10123,2752,1283,1435,1680,57671,2088,"","","","","",0,2021-05-25-16-00,2021-05-25-16-24,24
s.783a1ccd-b831-4978-b2f2-fb2567e46d46.txt,"","",21718,5556,2419,2873,3176,11255,12585,"","","","","",0,2021-05-29-22-05,2021-05-29-22-29,24
s.4ec8a9ec-3ad3-4671-9f84-0cb5855b61d8.txt,"","",4825,4946,4792,1566,3178,6116,10809,"","","","","",0,2021-05-29-20-10,"",""
s.ba3e1456-549b-4bc8-9937-edab87426e97.txt,"","",28894,6999,2260,4103,6481,34195,29313,"","","","","",0,2021-05-25-15-59,2021-05-25-16-33,34
s.14d6d351-e94d-4ea9-a297-2fb022a056d7.txt,"","",10434,21224,4695,4767,4547,4625,4730,"","","","","",0,2021-05-29-22-36,"",""
s.ab9ae471-7549-42af-8699-865d898a2407.txt,"","",87267,10762,3855,12404,5503,8100,5531,"","","","","",0,2021-05-25-16-50,"",""
s.f3d75d4a-6fef-483c-a6ce-f824064e8d1a.txt,"","",11638,3599,2265,7680,2329,3751,7108,"","","","","",0,2021-05-25-15-59,2021-05-25-16-21,22
s.01331fd3-90e0-46fc-af66-5073dd17434b.txt,"","",12911,"","","","","","","","","","","",0,2021-05-25-16-01,"",""
s.d928c42a-721a-46d8-b678-c6736cbc324a.txt,"","",27284,5095,3797,3228,4098,12138,6220,"","","","","",0,2021-05-25-15-57,2021-05-25-16-21,24
s.92498bbb-d71b-491c-9ba9-0fbecbf9a212.txt,"","",6086,3812,1512,5042,1557,3218,3767,"","","","","",0,2021-05-25-16-06,2021-05-25-16-26,20
s.3e199f9c-62e6-4596-ada6-b94344bcdeab.txt,"","",14437,5399,2099,4117,5282,8737,40131,"","","","","",0,2021-05-25-15-55,"",""
s.2e0efa49-2fc9-4765-b1dd-4fae81c8b8a1.txt,"","",11564,3126,2219,2143,1903,7797,12376,"","","","","",0,2021-05-25-16-19,2021-05-25-16-40,21
s.6c47ecdb-cf53-40cb-bbdf-af036c515396.txt,"","",8760,2889,1971,1810,2152,6477,7024,"","","","","",0,2021-05-25-16-01,2021-05-25-16-17,16
s.d81ab04f-0152-4d97-b61e-ea9f448e950e.txt,"","",38531,4097,2137,1998,2933,3926,5873,"","","","","",0,2021-05-29-21-23,2021-05-29-21-47,24
s.e3c3f0bb-4095-4c59-8bd1-600ad2f39f78.txt,"","",20512,6585,2967,2862,4091,7507,13030,"","","","","",0,2021-05-25-16-00,2021-05-25-16-22,22
s.6c0794cd-ac27-4bea-a6dd-e02d54055c40.txt,"","",17977,4085,2101,2728,2663,4230,3282,"","","","","",0,2021-05-25-16-15,2021-05-25-16-35,20
s.b77fc4a0-3066-452b-a651-83dd3328a6be.txt,"","",31227,21995,3264,1845,2895,8525,20085,"","","","","",0,2021-05-25-16-23,2021-05-25-16-48,25
s.5d43829e-38ed-4a48-b744-40165da62e6f.txt,"","",11697,5882,1838,2506,2663,5204,8329,"","","","","",0,2021-05-25-16-10,"",""
s.0a8ae698-b7b9-47fe-8ef2-143f70e3008f.txt,"","",12294,3423,2406,4489,2858,7248,3594,"","","","","",0,2021-05-25-16-14,"",""
s.b89f3fff-988a-4ad0-8224-9e8db91a14c4.txt,"","",21799,7053,3886,9198,3642,8403,12812,"","","","","",0,2021-05-29-21-35,"",""
s.6676ead1-43bf-4ca0-944d-f5322a0723bb.txt,"","",12202,4255,1685,2503,2903,24100,9050,"","","","","",0,2021-05-25-16-05,2021-05-25-16-25,20
s.0e016b8a-f304-44b6-8893-82fc2cc814e2.txt,"","","",8577,2307,5937,7803,6889,"","","","","","",0,2021-05-20-16-52,"",""
s.525476ec-077d-4aff-844a-ee958ad05a55.txt,"","",8856,3735,1767,5300,2048,7661,4646,"","","","","",0,2021-05-25-16-48,2021-05-25-17-09,21
s.cd4b652c-257b-401f-825f-027c1df25b89.txt,"","",12434,5080,7068,15947,6778,6339,818,"","","","","",0,2021-05-29-23-31,2021-05-29-23-55,24
s.ccb18378-3e89-4a60-8b92-356135df146e.txt,"","",12387,4931,1498,3278,2185,5925,5606,"","","","","",0,2021-05-25-16-00,2021-05-25-16-22,22
s.8a493289-27e2-4430-ba8f-a18a6d0767a7.txt,"","",29392,5133,2120,2666,2377,7018,5534,"","","","","",0,2021-05-25-16-18,2021-05-25-16-41,23
s.026c204f-aa04-4158-a565-58befdd6a9a7.txt,"","",6284,3979,1583,1569,2034,2698,4174,"","","","","",0,2021-05-25-16-15,"",""
s.a9dc7468-d239-4aca-bdca-3f79dce9fa5b.txt,"","",1622,"","","","","","","","","","","",0,2021-05-25-16-24,"",""
s.6f99458b-7763-4ec2-8f9e-e11122b461f7.txt,"","",21195,3266,1820,3585,2582,8200,5584,"","","","","",0,2021-05-29-22-14,2021-05-29-22-46,32
s.5b4243d4-bba7-4c58-83fb-d89eabf1cce9.txt,"","",20329,5306,2523,8265,3767,5500,7526,"","","","","",0,2021-05-25-15-55,2021-05-25-16-23,28
s.760287b3-bf89-4dde-a8ab-97e7a4ad965c.txt,"","",51238,5991,2516,3009,19221,49660,19962,"","","","","",0,2021-05-29-22-42,"",""
s.cafb9087-5fe5-4728-bf14-ef2bb09453f4.txt,"","",24639,8795,3255,8060,22065,8469,14264,"","","","","",0,2021-05-25-16-08,2021-05-25-16-30,22
s.ba2379bc-c2a7-49c9-99b8-d42dc16bbf0f.txt,"","",7852,5147,2586,8159,2956,8426,8328,"","","","","",0,2021-05-25-17-51,2021-05-25-18-15,24
s.48809af9-ebcd-421d-84eb-764e2381a01a.txt,"","",7012,5124,1549,3197,2711,7387,3854,"","","","","",0,2021-05-25-16-06,2021-05-25-16-29,23
s.7ea83db4-44e4-41b9-9a2d-72fd05b7b9b8.txt,"","",72663,5461,1401,2551,2221,2340,2440,"","","","","",0,2021-05-25-17-27,2021-05-25-17-48,21
s.b19d9c06-ee07-4a88-876f-3d093373d0e1.txt,"","",19670,3086,1694,2981,3375,7209,3540,"","","","","",0,2021-05-25-15-55,"",""
s.9642d27c-62ef-4a67-b341-30ff6bceb188.txt,"","",22900,5551,2680,2866,2502,5350,4383,"","","","","",0,2021-05-25-16-09,"",""
s.b41acce6-a32d-45e2-a54f-c8311bb6ae6e.txt,"","",14498,3839,1687,1760,5473,13389,10820,"","","","","",0,2021-05-25-15-55,2021-05-25-16-14,19
s.ed96c643-1209-413c-96d7-ea479fd02854.txt,"","",8969,7814,7244,6801,4617,5464,8284,"","","","","",0,2021-05-25-16-29,"",""
s.bfd00d47-bea2-46e3-b806-f9a0c65dba14.txt,"","",1300,8541,1310,5288,3208,2260,1831,"","","","","",0,2021-05-25-15-54,"",""
s.2c16bea8-aaaf-4755-b0d7-546476ae256a.txt,"","","","","","","","","","","","","","",0,2021-05-25-16-56,"",""
s.802adc88-4309-4495-ab1f-c0b3ace90910.txt,"","",41197,3452,2521,2445,2825,6923,4553,"","","","","",0,2021-05-29-22-58,2021-05-29-23-19,21
s.13209f70-ab7f-48ce-97ae-8d86834edb24.txt,"","",21887,5968,2371,2882,2251,6875,7730,"","","","","",0,2021-05-25-16-07,2021-05-25-16-33,26
s.de4abfc9-3be1-4ad8-baf4-f05b3454fc07.txt,"","",14711,3268,2099,2917,2258,6224,6076,"","","","","",0,2021-05-25-16-15,2021-05-25-16-38,23
s.83ba2529-dbb6-41e1-8fd9-e84345c4887a.txt,"","",10916,19878,3254,2777,4083,9506,5957,"","","","","",0,2021-05-25-16-03,"",""
s.b43e4fa2-5320-4243-87f8-02d2959173d4.txt,"","",8966,3435,2897,1871,2838,6066,4029,"","","","","",0,2021-05-25-16-58,2021-05-25-17-17,19
s.901db6b3-73a9-4cf3-adc5-b399a883607d.txt,"","",12474,11295,4071,2974,8574,3344,3396,"","","","","",0,2021-05-25-16-20,"",""
s.1ab1d63c-2854-4c4d-b17a-09a0a3a52bc6.txt,"","",8068,3070,1486,1791,3235,2668,1608,"","","","","",0,2021-05-25-16-04,"",""
s.a6da8be2-447f-4ec0-86aa-e31ff5cc7c7f.txt,"","",12814,2302,1651,1663,2729,13074,2828,"","","","","",0,2021-05-25-15-58,2021-05-25-16-17,19
s.1a8143b8-4fd5-46bd-a6da-ded91747d2ee.txt,"","",44823,9785,2745,6962,4771,15035,15057,"","","","","",0,2021-05-25-15-58,2021-05-25-16-22,24
s.aebb066a-9d63-441a-9dcb-5699407ce9ff.txt,"","",20511,5636,4451,2974,6897,4826,2661,"","","","","",0,2021-05-25-16-08,"",""
s.8cc20ac3-1cee-43c0-8cc3-c4df0fdfa7de.txt,"","",10579,4360,2584,3240,2853,8073,3701,"","","","","",0,2021-05-25-16-00,"",""
s.5de4d54f-c7ee-45ea-a0fc-d5f33b8e1dbb.txt,"","","","","","","","","","","","","","",0,2021-05-25-16-59,"",""
s.d9cc2a62-c522-4cc0-886a-69a34d44c03a.txt,"","",19145,4949,6047,3716,4045,4240,2435,"","","","","",0,2021-05-25-16-00,2021-05-25-16-39,39
s.75ba2177-bbd3-46fc-b1f1-3f8e76d06ead.txt,"","","","","","","","","","","","","","",0,2021-05-25-17-46,"",""
s.3d4288c3-b7f9-463a-8aaf-883147dbac9b.txt,"","",35838,27938,5690,13219,9864,14027,31589,"","","","","",0,2021-05-29-21-51,"",""
s.576e3f45-3da6-44b3-bc0d-872a89db87b9.txt,"","",11789,5696,2359,7959,2742,10825,10595,"","","","","",0,2021-05-29-22-55,2021-05-29-23-16,21
s.6dd603a6-3f09-4405-8f6a-6c678bd2f215.txt,"","",16370,19113,13412,30744,2881,7045,9820,"","","","","",0,2021-05-29-22-21,2021-05-29-22-43,22
s.6997c88b-2b0d-46ce-9637-4dc2edd8d7d9.txt,"","",23359,5796,2829,2935,3165,9399,11620,"","","","","",0,2021-05-25-16-00,2021-05-25-16-22,22
s.30ed2d5d-1a41-4b24-889a-3adb8bf81c4e.txt,"","","","","","","","","","","","","","",0,2021-05-25-16-58,"",""
s.a7fa432f-ca1a-4b5d-a29d-dc4f1b45cdd3.txt,"","",15280,11178,2336,2651,3683,9009,11136,"","","","","",0,2021-05-29-22-08,2021-05-29-22-30,22
s.9a8d9e3d-c19b-48c8-892f-1be22a8a6351.txt,"","",30081,4031,2461,3853,3502,5729,4033,"","","","","",0,2021-05-25-16-06,"",""
s.3fd78d70-69de-4071-a2d2-e39709f271fa.txt,"","",1110,4645,"","","","","","","","","","",0,2021-05-25-16-15,"",""
s.468c9c58-9084-4474-8bd6-dc487622f19b.txt,"","",10147,"","","","","","","","","","","",0,2021-05-25-16-21,"",""
s.6c4dd415-504a-41b6-bab9-68ad608559a6.txt,"","",58991,14976,2241,4886,3945,13976,13545,"","","","","",0,2021-05-25-16-21,2021-05-25-16-44,23
s.2cefa234-94fd-45f3-9299-3c9d460a03ca.txt,"","",2445,3665,2019,2578,2068,1990,1337,"","","","","",0,2021-05-29-22-55,2021-05-29-23-19,24
s.e029e034-3c49-47be-92f3-fd6b797cbdd9.txt,"","","","","","","","","","","","","","",0,2021-06-01-17-27,"",""
s.c8ac1ebe-23d0-4730-a772-ba16556c7d34.txt,"","","","","","","","","","","","","","",0,2021-05-19-10-00,2021-05-19-10-32,32
s.595180a0-9271-4c36-9d35-b610389d43aa.txt,"","",13318,19731,2431,2978,3536,5610,6069,"","","","","",0,2021-05-29-22-06,"",""
s.de9665ae-3224-46b7-9518-589d1723aa0c.txt,"","",26571,9101,3756,4187,7543,14631,11280,"","","","","",0,2021-05-25-16-43,"",""
s.19abf39b-73dd-4673-9247-e4843ce16d92.txt,"","",1830,3817,2320,1882,1370,1601,1151,"","","","","",0,2021-05-25-16-04,"",""
s.745261ef-060d-416d-ae0d-9c8e00171c14.txt,"","",11645,2110,3507,5870,4885,12327,25141,"","","","","",0,2021-05-25-16-39,2021-05-25-16-59,20
s.352d1044-6a62-4a36-b34b-39b1111566f0.txt,"","",30913,6379,4704,4873,4555,17764,6957,"","","","","",0,2021-05-29-22-24,2021-05-29-22-51,27
s.50a50388-e6ae-48fb-91cf-b4aa48024f81.txt,"","","","","","","","","","","","","","",0,2021-05-25-16-23,"",""
s.bcc0958a-bfdf-4e61-9b57-df3a8991b7ce.txt,"","",25236,4173,2318,3299,4622,5958,5864,"","","","","",0,2021-05-25-16-07,2021-05-25-16-29,22
s.32ff642a-efe0-436f-8075-fa703d677fed.txt,"","","","","","","","","","","","","","",0,2021-05-01-15-50,2021-05-01-16-09,19
s.0c7c71e3-0b13-464d-8eff-0df9da542e50.txt,"","",13397,3382,1594,2220,2910,6398,4948,"","","","","",0,2021-05-25-16-58,2021-05-25-17-18,20
s.be0eaa1c-a662-4162-bd05-38f87df95c35.txt,"","",23739,3236,1329,24438,2481,7812,4292,"","","","","",0,2021-05-25-16-07,2021-05-25-16-33,26
s.ae8b2f59-efca-443d-bca0-cab09a1d5864.txt,"","","","","","","","","","","","","","",0,2021-05-25-16-55,"",""
s.8ef5f18a-22ff-4599-bf80-5fe2dcdebe9c.txt,"","",7866,6400,2148,3052,2936,13076,11920,"","","","","",0,2021-05-25-17-30,2021-05-25-17-55,25
s.85db91dc-d458-442b-8710-d7d969dade5c.txt,"","",5983,2670,1400,2616,17249,5495,12765,"","","","","",0,2021-05-25-17-07,2021-05-25-17-26,19
s.cf293f04-56d5-40b9-8f07-df7fd89c1fb0.txt,"","","","","","","","","","","","","","",0,2021-05-25-16-15,"",""
s.3d156ceb-8dda-4151-b69d-6fcf4bbd276e.txt,"","",28788,15064,7480,3038,5643,11120,7837,"","","","","",0,2021-05-29-21-22,2021-05-29-21-56,34
s.28e51df6-2f55-47ad-8c84-816206756a85.txt,"","",7957,7414,1851,3798,5878,5758,2468,"","","","","",0,2021-05-25-15-55,2021-05-25-16-16,21
s.a5fb3d6a-4ceb-4f02-9d0a-7e6521abb5b2.txt,"","",7691,7519,4553,2452,3850,8323,6660,"","","","","",0,2021-05-25-16-26,"",""
s.12f82ec0-f6d3-4f18-8bc2-e07460768169.txt,"","",12372,5398,1927,2351,2590,8097,5607,"","","","","",0,2021-05-29-22-53,"",""
s.90c7a0fd-3e63-4959-acad-8c485fdd4758.txt,"","","","","","","","","","","","","","",0,2021-05-25-17-02,"",""
s.84f73952-8776-451b-b449-456a7c258516.txt,"","",5749,6895,1640,1712,3044,3992,2623,"","","","","",0,2021-05-25-16-55,2021-05-25-17-23,28
s.6fdb9287-8b84-43e1-9eb0-9b03ea2d4ef7.txt,"","",22078,3888,1920,3596,2915,7343,4619,"","","","","",0,2021-05-25-16-08,"",""
s.09ce7332-c65c-412e-8f3f-d5fb29cce791.txt,"","",34644,8461,4119,2985,7005,5220,2327,"","","","","",0,2021-05-25-16-29,2021-05-25-17-06,37
s.83f41c60-4d03-4c78-a922-f68237313f13.txt,"","",20034,5932,3048,72901,2329,15783,7123,"","","","","",0,2021-05-25-17-12,"",""
s.6c1e9b07-990d-453e-a7f9-03f852555b40.txt,"","",13922,3690,2198,2035,2434,21789,6563,"","","","","",0,2021-05-25-15-59,2021-05-25-16-25,26
s.58ce3bbd-eacd-44b7-ba47-25a4002d634d.txt,"","",8645,2570,1783,2073,1786,2697,1895,"","","","","",0,2021-05-25-16-04,2021-05-25-16-35,31
s.fd00051d-e77e-4e7b-8316-7e09ba303917.txt,"","",20075,3061,2348,11246,2177,9411,6976,"","","","","",0,2021-05-25-15-56,"",""
s.88be81bb-b23f-4c34-b7ad-18cce2be5cb9.txt,"","","","","","","","","","","","","","",0,2021-05-13-15-43,"",""
s.d92cfe4d-9b32-427d-a604-419b5fb4d426.txt,"","",12759,"","","","","","","","","","","",0,2021-05-29-22-48,"",""
s.1b050db4-0767-4974-9538-c08c6440e2f4.txt,"","",19912,4507,3155,3174,3776,13024,11742,"","","","","",0,2021-05-25-15-55,2021-05-25-16-30,35
s.489b568e-0ca2-4d1c-b74d-f0ae01e4033d.txt,"","",8504,4300,1654,1777,2190,3627,1879,"","","","","",0,2021-05-25-16-49,2021-05-25-17-21,32
s.b7385c93-4db0-4014-9b73-13bc92c1e5df.txt,"","","","","","","","","","","","","","",0,2021-05-25-16-30,"",""
s.d6479b16-9a64-464e-8703-0ded95130c00.txt,"","","","","","","","","","","","","","",0,2021-05-25-16-29,"",""
s.bfdd9b3c-ce1e-4166-af31-076227c67ac2.txt,"","",28215,3730,1934,2374,3057,5964,5130,"","","","","",0,2021-05-25-16-58,2021-05-25-17-21,23
s.fcadd4b7-905b-4ef1-936d-c8d4ba912c99.txt,"","",6265,3175,2216,10224,3170,4373,6977,"","","","","",0,2021-05-25-16-36,2021-05-25-16-56,20
s.87b39dc0-c46a-4d0f-9b26-dcc64a8b5af4.txt,"","","","","","","","","","","","","","",0,2021-05-25-17-00,"",""
s.8df9a106-a79e-4cc3-b0b5-097031b75640.txt,"","",7064,4501,2348,2238,3005,5849,1475,"","","","","",0,2021-05-25-16-03,2021-05-25-16-35,32
s.9b45c8c4-9e69-48a6-b6f5-272b046761a0.txt,"","",29843,2715,1604,1739,370571,5612,3510,"","","","","",0,2021-05-25-16-03,"",""
s.69cdb49b-46c9-4c79-a14e-3ed19260a2ce.txt,"","",26084,7071,5145,6245,9420,6359,10833,"","","","","",0,2021-05-25-15-55,2021-05-25-16-19,24
s.2c7c6d55-d033-4abe-adc4-c0e7b80ebe4c.txt,"","",13527,3766,2630,8361,3214,6766,13575,"","","","","",0,2021-05-25-16-19,"",""
s.60ca29a1-706d-4ce4-8be0-437f28569efd.txt,"","",5628,"","","","","","","","","","","",0,2021-05-25-16-26,"",""
s.65665b1d-c2ea-4969-ab4d-641d9ffda421.txt,"","",14022,2574,3127,1942,2343,6956,7393,"","","","","",0,2021-05-25-16-07,"",""
s.1d3040fa-53ff-4e4c-bb54-b4f03d58c62f.txt,"","","",56707,2726,2508,3219,4092,4644,"","","","","",0,2021-05-20-16-53,"",""
s.083ae4d4-255b-488b-873c-7764dcee6253.txt,"","",10838,7136,2533,2954,3484,5513,4073,"","","","","",0,2021-05-25-16-09,2021-05-25-16-32,23
s.8efe64f1-7065-499d-be52-95df381903c1.txt,"","",32891,5558,1963,3952,2537,25936,18961,"","","","","",0,2021-05-25-15-56,2021-05-25-16-29,33
s.c8a72bef-4bd4-4416-ac3d-37ca6c1cfce4.txt,"","","","","","","","","","","","","","",0,2021-05-25-16-02,"",""
s.71225ec6-7065-4ce6-bd9d-702436876bf0.txt,"","",14178,9208,2718,2862,3017,10682,9582,"","","","","",0,2021-05-25-17-16,2021-05-25-17-39,23
s.e8250d6a-cd9d-45bd-a1e1-151ed1951454.txt,"","",14778,4184,1966,2268,2062,23420,16097,"","","","","",0,2021-05-25-15-59,2021-05-25-16-19,20
s.d1114974-17d1-4658-8f26-619c505e9ba3.txt,"","",9652,2697,1601,2879,3396,4952,4603,"","","","","",0,2021-05-25-16-53,2021-05-25-17-14,21
s.34b517d6-a461-4c2c-b19d-ffc837455ca7.txt,"","",8651,3745,2069,2166,2649,6927,5565,"","","","","",0,2021-05-25-16-33,2021-05-25-16-54,21
s.cfa4d496-7e5d-499a-ad0c-4f006df59ed8.txt,"","",16853,4459,1732,1701,3346,8858,12399,"","","","","",0,2021-05-25-15-55,2021-05-25-16-14,19
s.3e6f0fac-db98-4f77-aadd-65a1d87495db.txt,"","",9300,6204,2794,3231,2949,5925,5138,"","","","","",0,2021-05-25-16-03,"",""
s.9faf608f-398f-4c1c-ab39-459aef004530.txt,"","",5189,2527,1301,1827,2159,4286,5629,"","","","","",0,2021-05-25-15-54,"",""
s.72732391-ce55-4514-9319-145164f6d268.txt,"","","","","","","","","","","","","","",0,2021-05-25-15-55,"",""
s.9d3bdd6d-3ee2-4892-8588-005365a9acf7.txt,"","",24387,5260,2688,3583,4527,8797,4573,"","","","","",0,2021-05-29-21-52,2021-05-29-22-15,23
s.1ce1684e-04a4-4ff6-bc74-d2ecc7e3d8eb.txt,"","",20658,10471,1890,2087,2023,6288,4724,"","","","","",0,2021-05-25-16-25,2021-05-25-16-48,23
s.512f9e8e-92db-4104-b91d-9c0582b95488.txt,"","",12379,4585,2460,3992,3408,8436,9586,"","","","","",0,2021-05-29-21-58,2021-05-29-22-19,21
s.928a42aa-b27f-4128-b9c4-bcaf083e6d40.txt,"","",9319,2810,1613,1549,1480,2181,2540,"","","","","",0,2021-05-25-15-56,2021-05-25-16-14,18
s.9977ed3a-72c9-439c-990d-de7016f7e0e0.txt,"","",1286,26961,13098,1695,1368,3210,5896,"","","","","",0,2021-05-25-16-15,2021-05-25-16-36,21
s.af29b744-5fb2-4f1a-bfeb-e1867aaff6fb.txt,"","",2313,6734,2163,4427,2453,2271,1459,"","","","","",0,2021-05-29-20-07,"",""
s.3368df8c-82ba-40e0-8294-cb2ef5a701cf.txt,"","",35467,3860,2663,3522,4979,13349,16335,"","","","","",0,2021-05-25-16-01,2021-05-25-16-24,23
s.aa96dee6-53df-4c35-97d1-41ee84449cd8.txt,"","",24363,7680,2912,2344,3152,12699,16557,"","","","","",0,2021-05-25-15-57,"",""
s.7d3c28c5-5a45-42dc-81d9-b0d359506c29.txt,"","",17389,4106,2539,2550,5664,4013,2565,"","","","","",0,2021-05-25-15-55,2021-05-25-16-20,25
s.3cdecbc0-1c3f-4110-bc33-3eff324d385b.txt,"","",14023,3667,1554,2773,1951,5360,8538,"","","","","",0,2021-05-25-16-41,2021-05-25-16-59,18
s.fe296cab-9785-47ae-9068-16623d1865bc.txt,"","",10289,4838,1946,4421,2669,9372,12810,"","","","","",0,2021-05-25-16-44,2021-05-25-17-04,20
s.1125e038-cf9d-446b-ab5b-c27c63f2dc3c.txt,"","",16598,4357,2630,2027,4130,8736,4050,"","","","","",0,2021-05-25-15-57,2021-05-25-16-17,20
s.241b19d8-6339-44c8-a8d9-47eb4dc0b328.txt,"","",15130,3384,1759,4722,4748,10011,17102,"","","","","",0,2021-05-25-16-26,2021-05-25-16-49,23
s.01e12aaa-92f0-4ad2-96c9-a7415c659607.txt,"","","","","","","","","","","","","","",0,2021-05-25-16-37,"",""
s.9601bc49-0bae-4dc8-a561-c17169180131.txt,"","",32518,8754,2985,3412,6545,19877,13398,"","","","","",0,2021-05-25-16-47,2021-05-25-17-14,27
s.1664c49f-a99e-4a1e-9c20-34413933ee29.txt,"","",36514,5114,2492,6614,2373,7707,2967,"","","","","",0,2021-05-25-16-01,2021-05-25-16-28,27
s.09ecd0bb-a119-46ac-b6ee-51ca5c96dc92.txt,"","",20316,4491,2604,3388,3049,5231,5179,"","","","","",0,2021-05-25-16-00,2021-05-25-16-28,28
s.12af3547-904a-4996-87aa-afb8876bcda4.txt,"","",2611,9492,2618,10369,5050,5573,4153,"","","","","",0,2021-05-25-15-57,2021-05-25-16-18,21
s.4721f6bb-6048-44ae-bf7f-4878bd7c71b7.txt,"","",18000,4010,3072,2220,2854,6272,5082,"","","","","",0,2021-05-29-22-03,"",""
s.cd9a7c65-fdf1-4905-b521-0a0ca8f665e1.txt,"","","","","","","","","","","","","","",0,2021-05-25-17-21,"",""
s.6c2a0f1f-b535-43c0-b492-1ae29221b415.txt,"","","","","","","","","","","","","","",0,2021-05-25-17-01,"",""
s.adac53c2-b13a-44ce-bebd-efd519644c11.txt,"","",18272,6280,1519,2171,2528,9198,5219,"","","","","",0,2021-05-25-16-35,2021-05-25-16-58,23
s.b983e6bb-d7b8-48c2-9467-671a3d3718be.txt,"","",19837,4025,3096,2541,6187,14613,6163,"","","","","",0,2021-05-25-16-18,2021-05-25-16-38,20
s.de8008be-3741-48b2-b7b8-4e0ff4c4cf6e.txt,"","",13415,4574,2025,2699,2178,9599,5975,"","","","","",0,2021-05-25-16-47,2021-05-25-17-05,18
s.1d69da70-7d7b-4466-af0b-11c6d3ac2aea.txt,"","",8624,2957,1941,2348,2008,4756,6535,"","","","","",0,2021-05-25-16-01,2021-05-25-16-25,24
s.57f7803f-a348-4ea8-b28a-6b562a65cf81.txt,"","",24640,4021,2173,4987,5008,7797,17174,"","","","","",0,2021-05-25-15-59,"",""
s.59681ae3-b7a8-4037-9dbc-ef90df5c8d04.txt,"","","","","","","","","","","","","","",0,2021-05-29-21-50,"",""
s.17c406ba-8a00-47c1-8d89-6d1e1ef7271f.txt,"","",22807,8710,1861,2188,1934,6722,5879,"","","","","",0,2021-05-25-17-00,2021-05-25-17-21,21
s.922bd408-3dbb-4694-9bb1-e18f6facb16e.txt,"","",18317,4347,4275,5021,6104,8049,4926,"","","","","",0,2021-05-25-16-03,"",""
s.83e518fa-8fd6-4a3f-acc5-7de7d3f33e68.txt,"","",12750,5391,2288,1948,2532,19028,5960,"","","","","",0,2021-05-25-16-28,2021-05-25-16-47,19
s.b0bf558b-1dfd-4142-91a7-abac02048c48.txt,"","",16745,2702,1739,17631,3547,3126,2212,"","","","","",0,2021-05-25-15-59,2021-05-25-16-20,21
s.3027046f-aeac-4767-87a5-600279a57495.txt,"","",2429,6831,2879,3125,5375,16899,148959,"","","","","",0,2021-05-29-20-02,"",""
s.8e72bcd6-a8d6-4004-b170-38289d52ab56.txt,"","",13529,18869,1870,47122,8688,10750,17074,"","","","","",0,2021-05-25-15-57,2021-05-25-16-22,25
s.e6294566-178b-42bc-8f2b-959b5df2e870.txt,"","",6960,5417,1950,1710,2181,4373,5147,"","","","","",0,2021-05-25-16-00,"",""
s.869cf73d-7806-424e-b6cb-d25fb465870a.txt,"","",23910,6521,2945,3696,4435,13406,18622,"","","","","",0,2021-05-25-16-07,2021-05-25-16-34,27
s.7397a572-4c2f-4af0-a0bc-001b1401148a.txt,"","",7586,92465,202316,26259,2717,8256,240386,"","","","","",0,2021-05-25-16-12,"",""
s.09e33c76-254c-4f0d-84f4-eb2cccc0d1ac.txt,"","",9977,5244,2723,6310,3564,10410,5854,"","","","","",0,2021-05-25-16-11,2021-05-25-16-33,22
s.24eb3322-9b9e-46d3-942c-d298507ec6cb.txt,"","",22299,4530,2284,3107,7396,8742,11396,"","","","","",0,2021-05-25-16-12,2021-05-25-16-37,25
s.05dc86a3-5b89-4a70-812b-45c94f24569d.txt,"","",17742,4269,1822,2486,1971,2505,4886,"","","","","",0,2021-05-29-21-30,2021-05-29-21-52,22
s.bd9ab6ad-0d25-4f83-af43-8e7a99790eae.txt,"","","","","","","","","","","","","","",0,2021-05-25-15-56,"",""
s.2d757b55-6e50-4d49-a8df-109afb5ee28b.txt,"","",19210,4913,19699,5307,2671,5464,3840,"","","","","",0,2021-05-29-22-48,2021-05-29-23-09,21
s.0ef0dd93-351d-4fc6-9b66-96739cd6c688.txt,"","",38683,10500,3604,7298,5065,24994,19254,"","","","","",0,2021-05-25-15-59,"",""
s.4db989c4-5ca4-43b4-9943-f856207838f5.txt,"","",22960,4082,2024,2207,2560,15158,15768,"","","","","",0,2021-05-25-17-00,2021-05-25-17-26,26
s.00ea543b-790f-443f-846a-87edc1c578fe.txt,"","",7259,4129,4718,5947,5164,8781,12049,"","","","","",0,2021-05-25-16-01,2021-05-25-16-22,21
s.cef9b2cd-ef06-4c41-8e68-38049434907c.txt,"","",9881,3318,2775,4492,3444,7627,13266,"","","","","",0,2021-05-25-16-22,2021-05-25-16-44,22
s.4c02740f-e277-400a-aecc-87efd9aa3165.txt,"","",1420,"","","","","","","","","","","",0,2021-05-25-16-57,"",""
s.4bb95ac5-9f5c-4fdf-b4f7-2e511226849b.txt,"","",21008,6785,2222,2232,3779,8138,12896,"","","","","",0,2021-05-25-16-20,2021-05-25-16-47,27
s.a5726c35-b42d-4aa9-924c-2b897c6dbb19.txt,"","",15071,5337,2280,4303,4783,11161,14479,"","","","","",0,2021-05-25-15-56,2021-05-25-16-19,23
s.a7bde7bc-cdff-43c3-a47a-ea73f388a7e7.txt,"","",29614,5224,2499,4823,5758,6655,8067,"","","","","",0,2021-05-25-16-43,2021-05-25-17-15,32
s.0e5bb56c-95ec-44b1-b326-e6e4bf95238f.txt,"","",20745,10935,2459,3500,2580,7444,7138,"","","","","",0,2021-05-25-15-59,2021-05-25-16-17,18
s.19af1759-6f9a-494c-9bde-47f11afb5ba4.txt,"","",40392,5571,2262,6246,2289,11736,17666,"","","","","",0,2021-05-25-16-38,2021-05-25-16-58,20
s.92fa2ce2-bdd2-4c7a-aff0-54bca900a9ba.txt,"","",3930,5562,2645,1331,2485,8136,8959,"","","","","",0,2021-05-25-16-04,2021-05-25-16-29,25
s.69c6db6a-1329-48fa-aae0-9d7102689f23.txt,"","",45008,5601,2565,15210,6781,16374,22015,"","","","","",0,2021-05-25-16-39,2021-05-25-17-07,28
s.caf2b756-6b14-49fb-adad-e869ae78d150.txt,"","",15538,5124,2748,4302,6027,4276,1960,"","","","","",0,2021-05-25-15-56,"",""
s.b6395b2f-27ab-47ee-9628-1f0b7821a028.txt,"","",16772,7511,3343,4524,4185,7907,7424,"","","","","",0,2021-05-25-16-41,2021-05-25-17-02,21
s.c13a883f-4090-4e9f-9bc3-c43f8f9b5a1a.txt,"","",30930,3724,1619,1859,2746,5918,10533,"","","","","",0,2021-05-25-15-54,"",""
s.e638a149-016b-48d2-bbad-56ed0446d5a0.txt,"","",11133,4207,1406,1057,1532,3674,2451,"","","","","",0,2021-05-25-15-54,2021-05-25-16-10,16
s.62154577-6823-4d72-8a05-8cee0830edcc.txt,"","",10362,4255,2101,4152,5122,5784,7101,"","","","","",0,2021-05-25-17-01,2021-05-25-17-21,20
s.5dfdca71-18cd-4bd5-8915-5e26821e4bc2.txt,"","","","","","","","","","","","","","",0,2021-05-25-16-02,"",""
s.2c9b1da0-f4cc-4b35-b535-ab12ec2e28be.txt,"","",8575,2988,1625,2233,2491,6146,4614,"","","","","",0,2021-05-25-15-59,"",""
s.a543cdac-0e29-409b-bb76-7edc2bc98e1b.txt,"","",3803,4026,2145,1599,1724,3945,2337,"","","","","",0,2021-05-30-00-07,"",""
s.262b7a18-29cc-451e-91dd-6f40070c0764.txt,"","",15366,5150,2924,3313,4071,7311,10746,"","","","","",0,2021-05-25-17-06,"",""
s.c223e0e1-377d-430f-b63f-f6cd90724f77.txt,"","","","","","","","","","","","","","",0,2021-05-25-16-56,"",""
s.847280f5-b3d3-42e8-a293-d90e4b63e288.txt,"","",12529,7296,1430,1947,2617,12701,2855,"","","","","",0,2021-05-25-16-05,"",""
s.50dd7dfd-706a-4b0c-ac11-f5c272ca172d.txt,"","",9214,8034,3858,3375,5547,4194,2937,"","","","","",0,2021-05-25-15-54,"",""
s.36ea59f4-8d0f-4d11-98ea-af62f902faab.txt,"","",11993,20289,2329,2411,3736,5559,26823,"","","","","",0,2021-05-29-22-33,2021-05-29-22-59,26
s.380a05ba-252a-4e6a-8daa-d4b14f706677.txt,"","",9918,4501,1866,8617,2438,11952,18637,"","","","","",0,2021-05-25-15-55,2021-05-25-16-17,22
s.09ff4025-6959-47e6-ba96-628c434fd3cb.txt,"","",14552,7807,4838,9931,11598,6487,3880,"","","","","",0,2021-05-29-21-21,2021-05-29-21-46,25
s.5a4debe9-72e8-4dff-9788-478e154aee23.txt,"","",33652,23290,3022,21663,5194,3558,4964,"","","","","",0,2021-05-25-16-41,2021-05-25-17-09,28
s.e1f812d4-b0ac-48a6-aba6-c71058bff3e9.txt,"","",16721,3862,1825,2346,1866,4980,3741,"","","","","",0,2021-05-25-16-43,2021-05-25-17-03,20
s.cd227bba-0ce7-46f6-80b9-38863a493aa8.txt,"","",4667,5688,4438,2852,4680,6578,2922,"","","","","",0,2021-05-25-15-58,2021-05-25-16-18,20
s.e21414a5-ec1b-4a6a-aba3-947fd5d2a9e6.txt,"","",22942,5769,3126,6897,10183,4187,2848,"","","","","",0,2021-05-25-16-00,2021-05-25-16-28,28
s.0e18b03a-a42e-4dc2-ae98-a85ccb73af2e.txt,"","",16173,4277,3070,3381,5575,14316,17070,"","","","","",0,2021-05-25-16-59,2021-05-25-17-22,23
s.07704083-830b-42ff-9b0a-aadb77ea9b41.txt,"","","","","","","","","","","","","","",0,2021-05-29-22-07,"",""
s.c3fbff17-ff13-4c6d-8028-d3a63dbb5902.txt,"","",11363,4781,2200,2144,2648,12956,12231,"","","","","",0,2021-05-25-16-59,2021-05-25-17-29,30
s.36e25ed9-521e-4d11-932e-5b55f3f0d509.txt,"","","","","","","","","","","","","","",0,2021-05-25-16-45,"",""
s.f796c4e9-d93b-4023-b74e-f3eb4c5fb71b.txt,"","",9962,2257,1648,1603,1488,1820,3225,"","","","","",0,2021-05-25-15-59,2021-05-25-16-22,23
s.8f6ddfb2-9868-44eb-86da-e5fc590a4b30.txt,"","",11751,2397,1727,1659,1988,5316,6375,"","","","","",0,2021-05-25-15-54,2021-05-25-16-12,18
s.f6b240af-f667-4efd-9eea-6a77f5fa9c4d.txt,"","",14487,28977,2138,18113,5533,22513,10081,"","","","","",0,2021-05-25-16-43,2021-05-25-17-07,24
s.0f813f5f-6fd5-4c91-b853-c9c9212cc968.txt,"","",23066,11363,1939,2894,3254,9639,8134,"","","","","",0,2021-05-25-15-57,2021-05-25-16-30,33
s.16c02511-5a28-466b-bfa6-08781d6ff1ae.txt,"","",16980,3451,2561,3062,3196,10338,10734,"","","","","",0,2021-05-30-00-07,2021-05-30-00-31,24
s.d6280059-c9c2-4499-bccb-79b0dc0a6df7.txt,"","","","","","","","","","","","","","",0,2021-05-25-16-16,"",""
s.ccd53c2d-bc04-4545-a016-59dc0526d0df.txt,"","",12310,5543,1343,1892,3222,4563,8832,"","","","","",0,2021-05-25-18-39,2021-05-25-19-03,24
s.8631dfc2-debc-4de9-bdb6-064dc3c7613f.txt,"","","",3913,2964,"","","","","","","","","",0,2021-05-20-16-38,"",""
s.53d0fa70-206d-4723-bc87-36000b318f5f.txt,"","",4335,9441,2388,1274,2299,5207,3634,"","","","","",0,2021-05-25-16-15,2021-05-25-16-36,21
s.622bea73-4421-41b2-ad97-b1ce0eb366de.txt,"","",10376,3560,1808,1876,2080,5332,4826,"","","","","",0,2021-05-25-16-48,2021-05-25-17-12,24
s.ba665053-2507-4760-9b26-f318dc7e033e.txt,"","",48551,"","","","","","","","","","","",0,2021-05-29-23-27,"",""
s.6eab1ff3-7a4f-47a0-be09-47b125903c2a.txt,"","",16499,4586,2036,2855,4681,6764,6837,"","","","","",0,2021-05-25-15-56,"",""
s.1dd472b1-5839-432b-9b9c-6125927bd9c5.txt,"","",10689,3232,1094,1565,1292,5871,2299,"","","","","",0,2021-05-25-15-58,2021-05-25-16-18,20
s.5ec89c2d-2d2f-43be-ae8f-a2348749c17d.txt,"","","","","","","","","","","","","","",0,2021-05-25-16-31,"",""
s.8b7f5f8b-03f2-42fc-b863-c855423c2a97.txt,"","",92899,152728,4703,4234,10563,12909,20066,"","","","","",0,2021-05-25-16-01,2021-05-25-17-11,70
s.4b259011-22a4-4d94-ab16-97586833a8d3.txt,"","",15145,4008,1692,2707,1713,2711,4988,"","","","","",0,2021-05-25-16-12,2021-05-25-16-42,30
s.5d056688-08f3-4556-8e84-447d30caac51.txt,"","",13106,3721,1811,3127,3373,10675,13285,"","","","","",0,2021-05-25-16-00,2021-05-25-16-22,22
s.012625d3-b9f3-477d-af5b-e92c2b379475.txt,"","",14058,3215,2413,2209,5143,4369,10001,"","","","","",0,2021-05-25-15-59,2021-05-25-16-24,25
s.5e5cdfb3-8bb3-4d83-bd1b-20e9ab5890e2.txt,"","",21275,4829,3134,4075,3555,13365,11386,"","","","","",0,2021-05-29-21-20,2021-05-29-21-45,25
s.c445ff7a-c9a9-4f7c-a251-ca7243bb7c09.txt,"","",11607,5402,4111,3266,4272,12894,7834,"","","","","",0,2021-05-29-22-47,"",""
s.a332c35d-c46d-4d3e-8a88-f1589090d5af.txt,"","",14900,3372,2718,4980,4054,8625,4318,"","","","","",0,2021-05-25-17-01,"",""
s.83245ad6-20a3-4733-9982-159220daee68.txt,"","",7184,9839,3671,4451,13655,4417,2714,"","","","","",0,2021-05-29-21-51,"",""
s.c6ad6698-4f59-4753-9ae9-6f8d562c5fe1.txt,"","","","","","","","","","","","","","",0,2021-05-12-15-03,"",""
s.292fd72e-ecd9-4140-9607-5a95d6a19835.txt,"","","","","","","","","","","","","","",0,2021-05-25-16-26,"",""
s.b12fa154-6a9a-4d53-bf1d-ee94fdd559cb.txt,"","",10498,14072,2083,2076,3216,3741,2397,"","","","","",0,2021-05-25-16-27,"",""
s.bd6f2367-85b5-4e95-b4a1-6a5083ce5fbf.txt,"","","","","","","","","","","","","","",0,2021-05-25-15-55,"",""
s.8fcfc53a-2359-468a-9d12-b4aee1995521.txt,"","",19651,4172,1719,1900,2401,6321,8368,"","","","","",0,2021-05-25-16-00,2021-05-25-16-22,22
s.1785bdda-ee91-41e1-b395-dbc2fbb752a5.txt,"","","","","","","","","","","","","","",0,2021-05-25-15-56,"",""
s.6136a92f-8d15-403e-9d69-726ae3db190c.txt,"","",8826,9581,2213,2121,2132,1014401,3831,"","","","","",0,2021-05-25-15-55,"",""
s.645aeff6-49a7-4453-8fdc-5d3c6cd1a159.txt,"","","","","","","","","","","","","","",0,2021-05-25-16-31,"",""
s.a0d07828-9e5c-405b-ba58-f6ae42b4278c.txt,"","",9390,4549,3067,2548,2636,2158,2319,"","","","","",0,2021-05-25-16-14,2021-05-25-16-51,37
s.f2986ef2-baab-4f2d-b961-9850ae5d4c8b.txt,"","",16110,11113,3646,7965,7152,59654,5588,"","","","","",0,2021-05-25-17-10,2021-05-25-17-39,29
s.ac47944c-e11b-456d-9b7a-eab173586797.txt,"","",9587,5883,2407,4225,5016,7001,15476,"","","","","",0,2021-05-25-16-46,2021-05-25-17-06,20
s.319f364a-2980-43b0-95bc-4af1dffac40d.txt,"","",14316,2826,1339,1564,1653,3009,2263,"","","","","",0,2021-05-25-15-55,2021-05-25-16-12,17
s.f07e207b-583a-4cba-a2be-97494be35b8f.txt,"","",18490,4985,2719,2719,2638,7929,5395,"","","","","",0,2021-05-25-15-54,2021-05-25-16-17,23
s.52909809-74dc-47e2-8640-9ab4eb8d84b6.txt,"","",10784,4557,2382,2103,2273,6448,7618,"","","","","",0,2021-05-29-22-06,2021-05-29-22-30,24
s.7f318e70-d283-4629-accc-b458cc437fdf.txt,"","",19171,15857,14414,10317,7025,10158,13579,"","","","","",0,2021-05-25-16-00,"",""
s.0bd9c1b0-7b4e-4feb-8bd6-d43db52aa12e.txt,"","",13343,6197,2267,7702,6687,30793,7565,"","","","","",0,2021-05-25-16-54,2021-05-25-17-25,31
s.6cb136e4-3238-4752-be11-6a8da78f98d9.txt,"","",7033,13601,3058,2686,7706,3182,2947,"","","","","",0,2021-05-29-21-26,2021-05-29-21-42,16
s.670d6179-61a5-4fa0-a8fc-1295cda033b8.txt,"","",23976,5329,1972,2643,5285,8582,13259,"","","","","",0,2021-05-25-15-55,"",""
s.e7f8ba8c-de8e-4c25-a270-7b27aa1ebd1c.txt,"","",12794,3532,3831,2051,2811,17798,11613,"","","","","",0,2021-05-25-15-59,2021-05-25-16-26,27
s.93e5b042-803f-4d54-bf45-53dd72a5cc5c.txt,"","",14859,5998,2143,7127,5220,10664,5128,"","","","","",0,2021-05-25-16-02,2021-05-25-16-23,21
s.eb787c67-a801-42ae-aa3a-2bb990e945b1.txt,"","",13165,6556,1911,2990,3135,13463,21261,"","","","","",0,2021-05-25-16-38,2021-05-25-17-02,24
s.169e07f5-1a15-4be6-a9b0-4f33c0e93e49.txt,"","","","","","","","","","","","","","",0,2021-05-25-16-29,"",""
s.be50cc12-62a8-48ab-b7e8-6dc9312df1b3.txt,"","",14556,3285,1796,2278,2612,13914,10975,"","","","","",0,2021-05-29-22-57,2021-05-29-23-20,23
s.9670c301-4c44-48a2-b321-796cba6f282f.txt,"","",37862,45257,70637,5547,2818,8119,7799,"","","","","",0,2021-05-25-16-55,"",""
s.d77e01a9-c518-494c-96b5-663fc87e33f8.txt,"","",10246,11425,2678,4960,3564,6826,8922,"","","","","",0,2021-05-25-15-59,2021-05-25-16-29,30
s.ff0da9de-324d-416e-a192-f22f4537b6b4.txt,"","",24056,3095,1623,1320,2125,4384,5084,"","","","","",0,2021-05-29-22-50,"",""
s.c02f39aa-495b-4c5b-b1dd-53c02421938d.txt,"","",30072,7808,2758,6771,4803,4863,8276,"","","","","",0,2021-05-29-21-19,2021-05-29-21-39,20
s.cabf674f-8466-4259-8b56-199e6876ea7e.txt,"","",27636,8999,6050,10230,12706,12546,4445,"","","","","",0,2021-05-25-16-32,2021-05-25-16-54,22
s.d65d8c1c-a367-4100-8073-1d7a02d30546.txt,"","",10162,3497,2640,2092,1914,4182,8022,"","","","","",0,2021-05-25-15-54,"",""
s.b47b97df-87ac-462b-bed9-4b3c4dd362e8.txt,"","",23034,5014,1717,1747,3080,14258,10429,"","","","","",0,2021-05-25-16-38,2021-05-25-16-57,19
s.fea65441-0cab-4d68-bf24-05630d44f3ba.txt,"","",29721,5577,2368,36773,29508,13162,13530,"","","","","",0,2021-05-25-16-46,2021-05-25-17-26,40
s.cb39f288-eb58-4b67-8950-703a2c2be1b2.txt,"","",8875,2541,1358,1443,2601,7256,9501,"","","","","",0,2021-05-25-15-57,2021-05-25-16-17,20
s.3e7f25e8-c822-43ee-92ea-95d6a33044ee.txt,"","",27338,3291,1987,2187,2071,10271,17421,"","","","","",0,2021-05-25-15-59,2021-05-25-16-21,22
s.6d864347-b2ab-47de-b7fa-0384c6308b9c.txt,"","","",6857,1939,2276,2202,3158,6590,"","","","","",0,2021-05-21-09-36,"",""
s.d00d8360-6b1c-4ec3-8dd7-734a48b584af.txt,"","",32410,38056,8468,24533,6409,13272,4861,"","","","","",0,2021-05-25-16-26,"",""
s.6dd59535-0a51-42f2-b5f5-36610ecbb1fa.txt,"","",24883,4178,2834,2726,7632,7001,10825,"","","","","",0,2021-05-25-16-00,2021-05-25-16-22,22
s.766e09fb-e518-413d-9f1e-5b8566ddbd9f.txt,"","",18086,6908,3168,2585,2529,2437,2406,"","","","","",0,2021-05-25-16-11,"",""
s.2659b9e5-70ee-4767-99b3-f8eb6e0f6563.txt,"","",16748,10654,2843,3154,7228,3284,3812,"","","","","",0,2021-05-25-16-20,"",""
s.5112b313-93e0-47be-85b1-5851aaa36e16.txt,"","",15609,3422,1641,1850,3660,10168,14748,"","","","","",0,2021-05-25-16-01,2021-05-25-16-23,22
s.32427d7f-96a7-4532-b057-e678f10994aa.txt,"","",15313,3797,1981,6494,6973,9760,9785,"","","","","",0,2021-05-25-17-33,2021-05-25-17-57,24
s.07e8b9e4-4957-4cd8-ba01-f7109984b05c.txt,"","",11230,7109,2281,2260,3201,12203,6933,"","","","","",0,2021-05-25-16-35,2021-05-25-16-57,22
s.79ce2741-ff55-4821-ba11-86ac1d16c36e.txt,"","",69577,5699,2140,2571,3619,5183,11662,"","","","","",0,2021-05-25-16-40,2021-05-25-17-00,20
s.aad37b6c-0e0d-43d4-a14f-a5b0c429839c.txt,"","",5327,3908,1626,3213,2071,4770,2476,"","","","","",0,2021-05-25-16-01,2021-05-25-16-22,21
s.fd3eb582-5e2d-42c1-a9e5-a3de9743f949.txt,"","","","","","","","","","","","","","",0,2021-05-29-22-45,"",""
s.0051b102-092f-41d1-98d0-dc731aeeed88.txt,"","",16822,2873,1894,1913,7732,7489,6526,"","","","","",0,2021-05-25-15-54,2021-05-25-16-15,21
s.4fd7ac12-56a9-4027-955e-e68c9b12dc18.txt,"","",1357,3810,1428,1606,2253,4797,7330,"","","","","",0,2021-05-25-16-02,"",""
s.9fb25ec3-ba54-4d52-aaa7-80d3c45b3b8f.txt,"","",29907,2934,3129,3290,3223,8821,15373,"","","","","",0,2021-05-29-21-30,2021-05-29-21-55,25
s.d24e2590-aca5-467e-9f4f-a59754d18d15.txt,"","","","","","","","","","","","","","",0,2021-05-25-16-20,"",""
s.d3b74af9-3b24-4820-83a0-67986b3ec0bf.txt,"","","","","","","","","","","","","","",0,2021-05-10-06-39,2021-05-10-06-57,18
s.23dac6ff-5209-4e97-bb1f-7e1279de5f4a.txt,"","",24364,5263,3972,6361,5474,7318,3813,"","","","","",0,2021-05-29-21-55,"",""
s.b1a25df7-a01d-4e84-a81f-f39235ade563.txt,"","",19304,4552,2487,2898,5656,6262,7893,"","","","","",0,2021-05-25-16-02,"",""
s.cffd4229-6130-4c76-989d-bb6f278541ea.txt,"","",7767,3017,1849,1160,1798,3201,1318,"","","","","",0,2021-05-25-16-21,"",""
s.4947da03-2e45-42c9-a072-8ff24ec5c2dc.txt,"","",32919,3678,1813,2485,2339,7427,7911,"","","","","",0,2021-05-25-15-54,2021-05-25-16-17,23
s.31af103a-244f-4e85-bb14-9217fbd91d57.txt,"","",16878,4371,3722,4834,3895,8579,5158,"","","","","",0,2021-05-25-16-06,2021-05-25-16-33,27
s.8a5aee94-fc28-4b4e-b708-d0b4fc03fe19.txt,"","",10902,3495,2028,1644,2046,3225,5890,"","","","","",0,2021-05-25-16-44,2021-05-25-17-06,22
s.c6b22c08-5d54-40c6-abf8-ff408b4bf835.txt,"","",14150,4702,1675,1706,2494,5097,7494,"","","","","",0,2021-05-25-16-15,2021-05-25-16-35,20
s.b76ccfb1-1ce2-45a9-ac69-334fa3b61b4a.txt,"","",19327,7866,3956,5665,5808,11940,14399,"","","","","",0,2021-05-25-15-56,2021-05-25-16-30,34
s.d109b63b-3006-4938-bacc-2beb55af7236.txt,"","",823779,12901,2118,4774,4358,7806,2846,"","","","","",0,2021-05-25-15-58,"",""
s.661e6862-7405-48c1-8bd9-a95657cf392b.txt,"","",9722,4617,2211,2769,5710,22838,9418,"","","","","",0,2021-05-25-15-57,2021-05-25-16-23,26
s.073fa34f-bd3f-4eaa-93fd-2acb3306583e.txt,"","",10085,5479,2983,4576,6591,15921,7795,"","","","","",0,2021-05-25-16-55,2021-05-25-17-18,23
s.3fe508ca-8717-4e41-9647-1ed874742a72.txt,"","",7986,8054,4516,6150,18749,21313,3625,"","","","","",0,2021-05-25-16-41,2021-05-25-17-01,20
s.27a31d98-1305-4ac9-88bd-eab75123aa2e.txt,"","",5281,4009,2000,2214,2146,3017,111400,"","","","","",0,2021-05-25-17-16,"",""
s.b2bb16f1-901a-4ddf-a95f-d3afcbfb5911.txt,"","",14121,11044,3658,1959,5071,27935,7916,"","","","","",0,2021-05-25-16-00,2021-05-25-16-23,23
s.f86a706e-1d52-44bd-b3c0-1ca423161045.txt,"","",1385,24950,4722,5140,10770,4499,10312,"","","","","",0,2021-05-29-21-31,2021-05-29-21-56,25
s.20164b99-d3e3-45b2-b1e5-55095e780d8a.txt,"","",18562,4008,1841,1792,2644,5712,3965,"","","","","",0,2021-05-25-15-58,2021-05-25-16-23,25
s.9e37a05f-5a32-4762-bb62-a276e6f175ce.txt,"","",8939,17450,2778,2511,6114,5148,4753,"","","","","",0,2021-05-25-15-54,2021-05-25-16-22,28
s.3a6d0d9e-2a16-4789-8c20-8b3e349bbf06.txt,"","","","","","","","","","","","","","",0,2021-05-29-23-28,"",""
s.ecc8813c-3f7c-46b6-b262-21699edb716d.txt,"","",6140,2144,1088,1381,1275,3170,4719,"","","","","",0,2021-05-25-15-58,2021-05-25-16-15,17
s.49579e44-6724-4b50-ad24-1bb2f2ea1a9b.txt,"","",1119,3732,3282,2164,2344,2952,276105,"","","","","",0,2021-05-25-16-15,"",""
s.aed66dcb-75d7-496b-a3c0-2b2a9c41248d.txt,"","",24601,5137,2580,2343,3228,11037,16727,"","","","","",0,2021-05-25-15-57,2021-05-25-16-21,24
s.20c6b3bd-5073-49c1-a2fd-8a751ed57dff.txt,"","","","","","","","","","","","","","",0,2021-05-25-15-57,"",""
s.5fec05a1-418d-4cfd-915d-a57d637cd88f.txt,"","",23577,7693,5382,3762,7661,3446,2849,"","","","","",0,2021-05-25-16-01,2021-05-25-16-31,30
s.f95a1b45-8e3c-4d0d-9677-f10213fdaa00.txt,"","",44654,8499,1885,1947,2293,7998,6734,"","","","","",0,2021-05-25-15-59,2021-05-25-16-19,20
s.7eeb88a1-4136-4dad-923e-c98785b34377.txt,"","",23828,8546,1840,2090,4857,4118,10481,"","","","","",0,2021-05-25-15-57,2021-05-25-16-18,21
s.2680e657-bc4b-4965-97c0-ea839fc1b2e1.txt,"","",110096,4806,1881,3607,2511,19784,13375,"","","","","",0,2021-05-25-15-58,"",""
s.dce0d453-dda6-43a1-af29-0f53e3a29995.txt,"","",13499,4437,2446,4230,3749,3219,2085,"","","","","",0,2021-05-29-22-53,"",""
